{
  "info": {
    "name": "Limitless API",
    "_postman_id": "12345678-abcd-efgh-ijkl-1234567890",
    "description": "API collection for Limitless Infotech Solution",
    "schema": "https://schema.getpostman.com/json/collection/v2.1.0/collection.json"
  },
  "item": [
    {
      "name": "Create Testimonial",
      "request": {
        "method": "POST",
        "header": [
          {
            "key": "Content-Type",
            "value": "application/json"
          }
        ],
        "url": {
          "raw": "http://localhost:4000/testimonials",
          "protocol": "http",
          "host": [
            "localhost"
          ],
          "port": "4000",
          "path": [
            "testimonials"
          ]
        },
        "body": {
          "mode": "raw",
          "raw": "{\"clientName\": \"Test\", \"company\": \"Demo\", \"rating\": 5, \"quote\": \"Excellent service!\"}"
        }
      }
    },
    {
      "name": "Get Approved Testimonials",
      "request": {
        "method": "GET",
        "url": {
          "raw": "http://localhost:4000/testimonials",
          "protocol": "http",
          "host": [
            "localhost"
          ],
          "port": "4000",
          "path": [
            "testimonials"
          ]
        }
      }
    }
  ]
}